coordination,base_planner,problem_id,difficulty,trial_seed,success,planner_solved,audit_passed,planning_time_seconds,path_makespan_seconds,path_mean_agent_time_seconds,path_cost,tree_nodes,high_level_nodes,iterations,checked_waypoints,error
crrt,flow,0,easy,2026082200,False,False,False,30.029667700000573,,,,576,576,584,45883,
crrt,flow,0,easy,2026082201,False,False,False,30.004158200004895,,,,608,608,632,44602,
crrt,flow,0,easy,2026082202,False,False,False,29.999574000001303,,,,647,647,673,41469,
crrt,flow,0,easy,2026082203,False,False,False,30.01096310000139,,,,591,591,607,48167,
crrt,flow,0,easy,2026082204,False,False,False,30.002754900000582,,,,638,638,659,46336,
crrt,flow,0,easy,2026082205,False,False,False,30.06452719999652,,,,501,501,515,59541,
crrt,flow,0,easy,2026082206,False,False,False,30.06066219999775,,,,644,644,665,43570,
crrt,flow,0,easy,2026082207,False,False,False,30.030033800001547,,,,560,560,584,62516,
crrt,flow,0,easy,2026082208,False,False,False,30.003603999997722,,,,662,662,685,46763,
crrt,flow,0,easy,2026082209,False,False,False,30.048533000001044,,,,567,567,599,41806,
crrt,flow,0,easy,2026082210,False,False,False,30.065339500004484,,,,601,601,620,40437,
crrt,flow,0,easy,2026082211,False,False,False,30.059552800004894,,,,530,530,546,58910,
crrt,flow,0,easy,2026082212,False,False,False,30.00373209999816,,,,644,644,659,39266,
crrt,flow,0,easy,2026082213,False,False,False,30.198034799999732,,,,626,626,646,53771,
crrt,flow,0,easy,2026082214,True,True,True,25.99608029999945,1.84,1.11,4.4399999999999995,592,592,603,32522,
crrt,flow,0,easy,2026082215,False,False,False,30.00291920000018,,,,585,585,605,44575,
crrt,flow,0,easy,2026082216,False,False,False,30.05209659999673,,,,588,588,611,43640,
crrt,flow,0,easy,2026082217,False,False,False,30.012353100006294,,,,623,623,644,45212,
crrt,flow,0,easy,2026082218,False,False,False,30.01149259999511,,,,673,673,696,34442,
crrt,flow,0,easy,2026082219,False,False,False,30.224880000001576,,,,558,558,572,53106,
crrt,flow,1,medium,2026082200,False,False,False,30.2211829999942,,,,525,525,545,57671,
crrt,flow,1,medium,2026082201,False,False,False,30.049271199997747,,,,450,450,495,62301,
crrt,flow,1,medium,2026082202,False,False,False,30.071868999999424,,,,415,415,434,73118,
crrt,flow,1,medium,2026082203,False,False,False,30.009903600002872,,,,560,560,595,68989,
crrt,flow,1,medium,2026082204,False,False,False,30.035309599996253,,,,564,564,586,56613,
crrt,flow,1,medium,2026082205,False,False,False,30.04664259999845,,,,571,571,590,49348,
crrt,flow,1,medium,2026082206,True,True,True,12.898129799999879,10.22,8.415,33.66,230,230,239,26320,
crrt,flow,1,medium,2026082207,False,False,False,30.003035499998077,,,,534,534,558,56002,
crrt,flow,1,medium,2026082208,False,False,False,30.362107100001595,,,,461,461,490,65520,
crrt,flow,1,medium,2026082209,False,False,False,30.048763799997687,,,,421,421,455,65441,
crrt,flow,1,medium,2026082210,False,False,False,30.03113730000041,,,,547,547,568,65982,
crrt,flow,1,medium,2026082211,False,False,False,30.009675799999968,,,,368,368,396,81703,
crrt,flow,1,medium,2026082212,False,False,False,30.012108500006434,,,,579,579,596,52345,
crrt,flow,1,medium,2026082213,False,False,False,30.008812599997327,,,,398,398,438,78965,
crrt,flow,1,medium,2026082214,False,False,False,30.065344199996616,,,,432,432,468,72586,
crrt,flow,1,medium,2026082215,False,False,False,30.007277199998498,,,,308,308,378,96229,
crrt,flow,1,medium,2026082216,False,False,False,30.040911900003266,,,,546,546,561,56807,
crrt,flow,1,medium,2026082217,False,False,False,30.044549500002177,,,,175,175,230,112802,
crrt,flow,1,medium,2026082218,False,False,False,30.07809830000042,,,,456,456,482,62533,
crrt,flow,1,medium,2026082219,False,False,False,29.999475299999176,,,,757,757,776,48402,
crrt,flow,2,hard,2026082200,False,False,False,30.02333770000405,,,,416,416,469,70895,
crrt,flow,2,hard,2026082201,False,False,False,30.04683659999864,,,,267,267,321,95451,
crrt,flow,2,hard,2026082202,False,False,False,30.024127399999998,,,,550,550,584,47798,
crrt,flow,2,hard,2026082203,False,False,False,30.05535489999602,,,,528,528,557,53469,
crrt,flow,2,hard,2026082204,False,False,False,30.02756640000007,,,,519,519,566,44499,
crrt,flow,2,hard,2026082205,False,False,False,30.111507800000254,,,,441,441,466,60068,
crrt,flow,2,hard,2026082206,False,False,False,30.004727300001832,,,,472,472,503,48106,
crrt,flow,2,hard,2026082207,False,False,False,30.003671500002383,,,,491,491,529,49168,
crrt,flow,2,hard,2026082208,False,False,False,30.006050199997844,,,,579,579,595,44785,
crrt,flow,2,hard,2026082209,True,True,True,29.655251100004534,16.12,9.850000000000001,39.400000000000006,608,608,628,47599,
crrt,flow,2,hard,2026082210,False,False,False,30.01183730000048,,,,519,519,540,52972,
crrt,flow,2,hard,2026082211,False,False,False,30.02616190000117,,,,560,560,594,53736,
crrt,flow,2,hard,2026082212,False,False,False,30.010526500002015,,,,487,487,507,65540,
crrt,flow,2,hard,2026082213,False,False,False,30.062936700000137,,,,517,517,544,65920,
crrt,flow,2,hard,2026082214,False,False,False,30.06586840000091,,,,533,533,549,55956,
crrt,flow,2,hard,2026082215,False,False,False,30.06160860000091,,,,509,509,548,53711,
crrt,flow,2,hard,2026082216,False,False,False,30.0175584000026,,,,408,408,451,73193,
crrt,flow,2,hard,2026082217,False,False,False,30.11406580000039,,,,531,531,573,54786,
crrt,flow,2,hard,2026082218,False,False,False,30.065824299999804,,,,575,575,607,54927,
crrt,flow,2,hard,2026082219,False,False,False,30.01407990000007,,,,476,476,521,64746,
crrt,vanilla,0,easy,2026082200,False,False,False,29.99836140000116,,,,293,293,312,91087,
crrt,vanilla,0,easy,2026082201,False,False,False,30.02966050000032,,,,279,279,311,85558,
crrt,vanilla,0,easy,2026082202,False,False,False,30.008401999999478,,,,281,281,297,92849,
crrt,vanilla,0,easy,2026082203,False,False,False,30.024000299999898,,,,304,304,330,86912,
crrt,vanilla,0,easy,2026082204,False,False,False,30.093986899999436,,,,276,276,300,86648,
crrt,vanilla,0,easy,2026082205,False,False,False,30.104431799998565,,,,276,276,310,90102,
crrt,vanilla,0,easy,2026082206,False,False,False,30.10417079999752,,,,289,289,303,88626,
crrt,vanilla,0,easy,2026082207,False,False,False,30.125138200000947,,,,304,304,314,88241,
crrt,vanilla,0,easy,2026082208,False,False,False,30.01154310000129,,,,289,289,299,87212,
crrt,vanilla,0,easy,2026082209,False,False,False,30.03903089999585,,,,199,199,210,62649,
crrt,vanilla,0,easy,2026082210,False,False,False,30.017628000001423,,,,194,194,201,61203,
crrt,vanilla,0,easy,2026082211,True,True,True,14.15127709999797,0.44,0.44,1.76,91,91,91,30786,
crrt,vanilla,0,easy,2026082212,False,False,False,30.04733789999591,,,,194,194,197,60170,
crrt,vanilla,0,easy,2026082213,False,False,False,30.02584869999555,,,,179,179,214,62134,
crrt,vanilla,0,easy,2026082214,True,True,True,15.936274500003492,0.9400000000000001,0.5,2.0,109,109,112,34952,
crrt,vanilla,0,easy,2026082215,False,False,False,30.024713699996937,,,,287,287,318,90266,
crrt,vanilla,0,easy,2026082216,False,False,False,30.014208199994755,,,,310,310,319,88245,
crrt,vanilla,0,easy,2026082217,False,False,False,30.010012399994594,,,,301,301,324,88237,
crrt,vanilla,0,easy,2026082218,False,False,False,30.094946199998958,,,,298,298,313,90814,
crrt,vanilla,0,easy,2026082219,False,False,False,30.07198330000392,,,,284,284,303,90985,
crrt,vanilla,1,medium,2026082200,False,False,False,30.01751240000158,,,,281,281,308,89585,
crrt,vanilla,1,medium,2026082201,False,False,False,30.011370200001693,,,,251,251,292,90177,
crrt,vanilla,1,medium,2026082202,False,False,False,30.10497700000269,,,,272,272,307,94355,
crrt,vanilla,1,medium,2026082203,False,False,False,30.125934799994866,,,,257,257,297,93692,
crrt,vanilla,1,medium,2026082204,False,False,False,30.057579699998314,,,,266,266,300,93480,
crrt,vanilla,1,medium,2026082205,False,False,False,30.072418499999912,,,,272,272,299,91762,
crrt,vanilla,1,medium,2026082206,False,False,False,30.042478400006075,,,,187,187,195,65038,
crrt,vanilla,1,medium,2026082207,False,False,False,30.012544099998195,,,,201,201,213,66395,
crrt,vanilla,1,medium,2026082208,False,False,False,30.00504749999527,,,,183,183,192,63021,
crrt,vanilla,1,medium,2026082209,False,False,False,30.05027230000269,,,,181,181,204,62964,
crrt,vanilla,1,medium,2026082210,False,False,False,29.995227200000954,,,,179,179,200,64254,
crrt,vanilla,1,medium,2026082211,False,False,False,30.081304999999702,,,,191,191,201,65071,
crrt,vanilla,1,medium,2026082212,False,False,False,30.016817299998365,,,,191,191,191,64480,
crrt,vanilla,1,medium,2026082213,False,False,False,30.039160000000265,,,,185,185,203,60319,
crrt,vanilla,1,medium,2026082214,False,False,False,30.009832300005655,,,,184,184,200,61862,
crrt,vanilla,1,medium,2026082215,False,False,False,30.160229200002505,,,,180,180,201,62367,
crrt,vanilla,1,medium,2026082216,False,False,False,30.004271199999494,,,,191,191,201,63685,
crrt,vanilla,1,medium,2026082217,False,False,False,30.15101560000039,,,,175,175,206,62812,
crrt,vanilla,1,medium,2026082218,False,False,False,30.000094500006526,,,,192,192,202,62714,
crrt,vanilla,1,medium,2026082219,False,False,False,30.11181409999699,,,,185,185,201,65733,
crrt,vanilla,2,hard,2026082200,False,False,False,30.01923930000339,,,,194,194,198,65563,
crrt,vanilla,2,hard,2026082201,False,False,False,30.069667600000685,,,,174,174,180,57775,
crrt,vanilla,2,hard,2026082202,False,False,False,30.115814700002375,,,,191,191,192,63741,
crrt,vanilla,2,hard,2026082203,False,False,False,30.05136389999825,,,,200,200,210,65875,
crrt,vanilla,2,hard,2026082204,False,False,False,30.202027300001646,,,,184,184,195,62853,
crrt,vanilla,2,hard,2026082205,False,False,False,30.13195519999863,,,,191,191,196,61109,
crrt,vanilla,2,hard,2026082206,False,False,False,30.089811600002577,,,,190,190,200,61819,
crrt,vanilla,2,hard,2026082207,False,False,False,30.02408860000287,,,,205,205,207,67635,
crrt,vanilla,2,hard,2026082208,False,False,False,30.07716359999904,,,,276,276,297,89149,
crrt,vanilla,2,hard,2026082209,False,False,False,30.023686599997745,,,,271,271,288,83867,
crrt,vanilla,2,hard,2026082210,False,False,False,30.055299300001934,,,,273,273,294,86274,
crrt,vanilla,2,hard,2026082211,False,False,False,30.071544400001585,,,,253,253,266,85600,
crrt,vanilla,2,hard,2026082212,False,False,False,30.010215100002824,,,,262,262,277,88756,
crrt,vanilla,2,hard,2026082213,False,False,False,30.025743699996383,,,,283,283,312,93649,
crrt,vanilla,2,hard,2026082214,False,False,False,30.0760014999978,,,,292,292,312,93518,
crrt,vanilla,2,hard,2026082215,False,False,False,30.00997990000178,,,,275,275,299,84191,
crrt,vanilla,2,hard,2026082216,False,False,False,30.00909340000362,,,,268,268,280,91024,
crrt,vanilla,2,hard,2026082217,False,False,False,30.061394299998938,,,,287,287,305,90275,
crrt,vanilla,2,hard,2026082218,False,False,False,30.085831600001256,,,,285,285,303,91098,
crrt,vanilla,2,hard,2026082219,False,False,False,30.010980400002154,,,,283,283,314,89169,
kcbs,flow,0,easy,2026082200,True,True,True,5.986478899998474,1.16,0.5800000000000001,2.32,467,1,502,16633,
kcbs,flow,0,easy,2026082201,True,True,True,5.988497400001506,2.18,0.9750000000000001,3.8999999999999995,552,1,548,20773,
kcbs,flow,0,easy,2026082202,False,False,False,30.03461029999744,,,,3186,1,0,93919,
kcbs,flow,0,easy,2026082203,True,True,True,0.8196817999996711,0.62,0.45000000000000007,1.8,41,1,33,1420,
kcbs,flow,0,easy,2026082204,False,False,False,30.001511499998742,,,,3277,1,722,100444,
kcbs,flow,0,easy,2026082205,True,True,True,6.353427399997599,1.2,0.9299999999999999,3.72,512,1,537,18317,
kcbs,flow,0,easy,2026082206,False,False,False,30.016860399999132,,,,2907,1,225,95364,
kcbs,flow,0,easy,2026082207,True,True,True,3.8199709999971674,1.48,0.9349999999999999,3.74,286,1,283,10672,
kcbs,flow,0,easy,2026082208,True,True,True,5.687103699994623,1.3,0.905,3.62,445,1,441,16775,
kcbs,flow,0,easy,2026082209,False,False,False,30.012842999996792,,,,3420,1,34,96595,
kcbs,flow,0,easy,2026082210,False,False,False,30.000917000004847,,,,3222,1,24,99872,
kcbs,flow,0,easy,2026082211,True,True,True,3.634440399997402,1.34,0.8099999999999999,3.2399999999999998,233,1,231,9165,
kcbs,flow,0,easy,2026082212,True,True,True,8.075317599999835,1.0,0.7100000000000001,2.84,774,1,793,28371,
kcbs,flow,0,easy,2026082213,True,True,True,7.463086199997633,3.12,1.3800000000000001,5.5200000000000005,579,1,588,22560,
kcbs,flow,0,easy,2026082214,False,False,False,30.002568099997006,,,,3312,1,211,95844,
kcbs,flow,0,easy,2026082215,False,False,False,30.004029299998365,,,,3372,1,0,95108,
kcbs,flow,0,easy,2026082216,True,True,True,6.242558400001144,1.46,0.88,3.52,571,1,566,21240,
kcbs,flow,0,easy,2026082217,True,True,True,4.648916099999042,1.86,0.865,3.46,361,1,372,14093,
kcbs,flow,0,easy,2026082218,False,False,False,30.004404200000863,,,,3542,1,2,93761,
kcbs,flow,0,easy,2026082219,True,True,True,3.0111768999995547,1.34,0.74,2.96,191,1,188,8421,
kcbs,flow,1,medium,2026082200,False,False,False,30.002578699997684,,,,2540,5,2969,84974,
kcbs,flow,1,medium,2026082201,False,False,False,30.01663340000232,,,,3381,1,3883,94150,
kcbs,flow,1,medium,2026082202,False,False,False,30.00313190000452,,,,3222,1,1806,96407,
kcbs,flow,1,medium,2026082203,False,False,False,30.031191299996863,,,,1638,5,1892,89104,
kcbs,flow,1,medium,2026082204,False,False,False,30.00461969999742,,,,3132,1,0,94678,
kcbs,flow,1,medium,2026082205,False,False,False,30.058709400000225,,,,2804,1,0,83190,
kcbs,flow,1,medium,2026082206,False,False,False,30.001960900000995,,,,2052,1,996,68506,
kcbs,flow,1,medium,2026082207,False,False,False,30.009710600003018,,,,2189,1,0,70939,
kcbs,flow,1,medium,2026082208,False,False,False,30.010359300002165,,,,1936,1,261,63110,
kcbs,flow,1,medium,2026082209,False,False,False,30.012213999994856,,,,2470,1,0,76932,
kcbs,flow,1,medium,2026082210,False,False,False,29.995574699998542,,,,1984,1,946,69376,
kcbs,flow,1,medium,2026082211,False,False,False,30.015756799999508,,,,2285,1,174,70026,
kcbs,flow,1,medium,2026082212,False,False,False,30.00089470000239,,,,2560,1,0,73233,
kcbs,flow,1,medium,2026082213,False,False,False,30.002225199998065,,,,2465,1,959,77126,
kcbs,flow,1,medium,2026082214,False,False,False,29.998400700002094,,,,2358,1,0,72609,
kcbs,flow,1,medium,2026082215,False,False,False,29.99403490000259,,,,2019,1,906,67377,
kcbs,flow,1,medium,2026082216,True,True,True,8.722310500001186,6.86,4.285,17.14,457,1,458,17188,
kcbs,flow,1,medium,2026082217,False,False,False,30.000948900000367,,,,2269,1,367,70081,
kcbs,flow,1,medium,2026082218,False,False,False,30.002725300000748,,,,1268,3,1486,68282,
kcbs,flow,1,medium,2026082219,False,False,False,30.051340599995456,,,,2351,1,0,69261,
kcbs,flow,2,hard,2026082200,False,False,False,30.10045220000029,,,,2157,1,647,72466,
kcbs,flow,2,hard,2026082201,False,False,False,30.001057200002833,,,,3302,1,517,94723,
kcbs,flow,2,hard,2026082202,False,False,False,30.005177300001378,,,,3606,1,0,100806,
kcbs,flow,2,hard,2026082203,False,False,False,30.037408299998788,,,,3062,1,16,92756,
kcbs,flow,2,hard,2026082204,False,False,False,30.014311899998575,,,,2936,1,1891,88854,
kcbs,flow,2,hard,2026082205,False,False,False,30.001769199996488,,,,3110,1,14,92469,
kcbs,flow,2,hard,2026082206,False,False,False,30.046493000001647,,,,2240,1,7,71861,
kcbs,flow,2,hard,2026082207,False,False,False,30.006866499999887,,,,1753,3,1983,66714,
kcbs,flow,2,hard,2026082208,False,False,False,29.9965688999946,,,,2147,1,0,68413,
kcbs,flow,2,hard,2026082209,False,False,False,30.002978800002893,,,,2192,1,0,70034,
kcbs,flow,2,hard,2026082210,False,False,False,30.041409999997995,,,,2674,1,0,75085,
kcbs,flow,2,hard,2026082211,False,False,False,30.012859199996456,,,,2251,1,5,71944,
kcbs,flow,2,hard,2026082212,False,False,False,30.00238150000223,,,,1972,1,133,67047,
kcbs,flow,2,hard,2026082213,False,False,False,30.000152499997057,,,,2069,1,1546,69392,
kcbs,flow,2,hard,2026082214,False,False,False,30.053274700003385,,,,2000,1,320,66661,
kcbs,flow,2,hard,2026082215,False,False,False,30.010437400000228,,,,2391,1,0,71446,
kcbs,flow,2,hard,2026082216,False,False,False,30.00290600000153,,,,2249,1,2251,74381,
kcbs,flow,2,hard,2026082217,False,False,False,30.009948500002793,,,,2326,1,161,67242,
kcbs,flow,2,hard,2026082218,False,False,False,30.007492799995816,,,,2182,1,0,66092,
kcbs,flow,2,hard,2026082219,False,False,False,30.045478200001526,,,,2177,1,5,71343,
kcbs,vanilla,0,easy,2026082200,True,True,True,2.599701700004516,0.3,0.255,1.02,9,1,1,377,
kcbs,vanilla,0,easy,2026082201,True,True,True,0.1292064000008395,0.28,0.245,0.98,8,1,0,512,
kcbs,vanilla,0,easy,2026082202,True,True,True,0.27330390000133775,0.26,0.235,0.94,10,1,2,1190,
kcbs,vanilla,0,easy,2026082203,True,True,True,0.1895728000017698,0.24,0.2,0.8,8,1,0,354,
kcbs,vanilla,0,easy,2026082204,True,True,True,0.24258820000250125,0.3,0.265,1.06,11,1,3,1063,
kcbs,vanilla,0,easy,2026082205,True,True,True,0.16926389999571256,0.24,0.21,0.8400000000000001,10,1,2,756,
kcbs,vanilla,0,easy,2026082206,True,True,True,0.2768160999985412,0.32,0.255,1.02,13,1,5,1213,
kcbs,vanilla,0,easy,2026082207,True,True,True,0.31556799999816576,0.32,0.255,1.02,13,1,5,1471,
kcbs,vanilla,0,easy,2026082208,True,True,True,0.10651599999982864,0.32,0.245,0.98,8,1,0,443,
kcbs,vanilla,0,easy,2026082209,True,True,True,0.4584476000018185,0.62,0.33499999999999996,1.34,15,1,7,1969,
kcbs,vanilla,0,easy,2026082210,True,True,True,0.08737800000380957,0.24,0.20500000000000002,0.8200000000000001,8,1,0,324,
kcbs,vanilla,0,easy,2026082211,True,True,True,0.13708469999983208,0.3,0.235,0.94,9,1,1,532,
kcbs,vanilla,0,easy,2026082212,True,True,True,0.1929833000031067,0.24,0.21,0.84,9,1,1,757,
kcbs,vanilla,0,easy,2026082213,True,True,True,0.10508699999627424,0.26,0.24,0.96,8,1,0,375,
kcbs,vanilla,0,easy,2026082214,True,True,True,0.05903720000060275,0.28,0.25,1.0,8,1,0,221,
kcbs,vanilla,0,easy,2026082215,True,True,True,0.578128299996024,0.28,0.235,0.9400000000000001,18,1,10,2435,
kcbs,vanilla,0,easy,2026082216,True,True,True,0.4031933000005665,0.26,0.235,0.94,13,1,5,1640,
kcbs,vanilla,0,easy,2026082217,True,True,True,0.17655479999666568,0.24,0.22499999999999998,0.8999999999999999,8,1,0,473,
kcbs,vanilla,0,easy,2026082218,True,True,True,0.12091890000010608,0.32,0.26,1.04,9,1,1,461,
kcbs,vanilla,0,easy,2026082219,True,True,True,0.17727870000089752,0.38,0.24500000000000002,0.98,10,1,2,786,
kcbs,vanilla,1,medium,2026082200,False,False,False,30.442849099999876,,,,514,1,255,91855,
kcbs,vanilla,1,medium,2026082201,False,False,False,30.041489499999443,,,,504,1,0,92649,
kcbs,vanilla,1,medium,2026082202,False,False,False,30.051760499998636,,,,496,1,200,86435,
kcbs,vanilla,1,medium,2026082203,False,False,False,30.020606099998986,,,,511,1,0,92453,
kcbs,vanilla,1,medium,2026082204,False,False,False,30.036997899995185,,,,485,1,0,91661,
kcbs,vanilla,1,medium,2026082205,False,False,False,30.01487420000194,,,,414,1,0,83476,
kcbs,vanilla,1,medium,2026082206,False,False,False,30.019933099996706,,,,558,1,0,103016,
kcbs,vanilla,1,medium,2026082207,False,False,False,30.04386279999744,,,,443,1,0,84199,
kcbs,vanilla,1,medium,2026082208,False,False,False,30.0029663000023,,,,443,1,0,81964,
kcbs,vanilla,1,medium,2026082209,False,False,False,30.040329100003873,,,,426,1,0,88939,
kcbs,vanilla,1,medium,2026082210,False,False,False,30.034305699999095,,,,413,1,0,85967,
kcbs,vanilla,1,medium,2026082211,False,False,False,30.034679500000493,,,,544,1,0,98284,
kcbs,vanilla,1,medium,2026082212,False,False,False,30.047074999994948,,,,429,1,0,86829,
kcbs,vanilla,1,medium,2026082213,False,False,False,30.027951700001722,,,,516,1,0,89577,
kcbs,vanilla,1,medium,2026082214,False,False,False,30.020461600004637,,,,439,1,0,87652,
kcbs,vanilla,1,medium,2026082215,False,False,False,30.0368684999994,,,,545,1,421,101807,
kcbs,vanilla,1,medium,2026082216,False,False,False,30.006516499997815,,,,448,1,0,86365,
kcbs,vanilla,1,medium,2026082217,False,False,False,30.026219200000924,,,,548,1,0,96590,
kcbs,vanilla,1,medium,2026082218,False,False,False,30.02073609999934,,,,551,1,0,99984,
kcbs,vanilla,1,medium,2026082219,False,False,False,30.02301940000325,,,,431,1,0,85299,
kcbs,vanilla,2,hard,2026082200,False,False,False,30.048626499999955,,,,515,1,0,92165,
kcbs,vanilla,2,hard,2026082201,False,False,False,30.01617819999956,,,,437,1,0,89740,
kcbs,vanilla,2,hard,2026082202,False,False,False,30.01667930000258,,,,411,1,0,82886,
kcbs,vanilla,2,hard,2026082203,False,False,False,30.012523400000646,,,,543,1,0,94163,
kcbs,vanilla,2,hard,2026082204,False,False,False,30.044437700002163,,,,446,1,0,88880,
kcbs,vanilla,2,hard,2026082205,False,False,False,30.020954200001142,,,,396,1,0,83422,
kcbs,vanilla,2,hard,2026082206,False,False,False,30.04544850000093,,,,496,1,0,94542,
kcbs,vanilla,2,hard,2026082207,False,False,False,30.0173766999942,,,,454,1,0,90182,
kcbs,vanilla,2,hard,2026082208,False,False,False,30.03480500000296,,,,462,1,361,93356,
kcbs,vanilla,2,hard,2026082209,False,False,False,30.02850749999925,,,,384,1,0,78802,
kcbs,vanilla,2,hard,2026082210,False,False,False,30.006461500001024,,,,482,1,285,94548,
kcbs,vanilla,2,hard,2026082211,False,False,False,30.014129000002868,,,,439,1,0,90701,
kcbs,vanilla,2,hard,2026082212,False,False,False,30.02669859999878,,,,469,1,0,91043,
kcbs,vanilla,2,hard,2026082213,False,False,False,30.022842599995784,,,,462,1,0,88431,
kcbs,vanilla,2,hard,2026082214,False,False,False,30.02952969999751,,,,412,1,0,85581,
kcbs,vanilla,2,hard,2026082215,False,False,False,30.04660330000479,,,,411,1,0,84586,
kcbs,vanilla,2,hard,2026082216,False,False,False,30.04760250000254,,,,409,1,0,85664,
kcbs,vanilla,2,hard,2026082217,False,False,False,30.01392450000276,,,,409,1,0,84241,
kcbs,vanilla,2,hard,2026082218,False,False,False,30.018537999996624,,,,483,1,0,91540,
kcbs,vanilla,2,hard,2026082219,False,False,False,30.022283999998763,,,,436,1,0,87328,
prioritized,flow,0,easy,2026082200,False,False,False,30.093336899997666,,,,1840,0,1992,59082,
prioritized,flow,0,easy,2026082201,True,True,True,7.87749310000072,2.12,1.205,4.82,330,0,326,13955,
prioritized,flow,0,easy,2026082202,False,False,False,29.99931149999975,,,,2161,0,2921,68609,
prioritized,flow,0,easy,2026082203,True,True,True,1.5712973999980022,0.6,0.44500000000000006,1.7800000000000002,46,0,39,1472,
prioritized,flow,0,easy,2026082204,True,True,True,27.842261300000246,1.86,1.145,4.58,1205,0,1499,42516,
prioritized,flow,0,easy,2026082205,True,True,True,8.86846080000032,1.34,0.5900000000000001,2.3600000000000003,370,0,378,14722,
prioritized,flow,0,easy,2026082206,True,True,True,5.026141199999984,0.9400000000000001,0.605,2.42,152,0,146,6599,
prioritized,flow,0,easy,2026082207,False,False,False,29.99701400000049,,,,1782,0,2049,55738,
prioritized,flow,0,easy,2026082208,False,False,False,30.024900300002628,,,,1519,0,1807,47726,
prioritized,flow,0,easy,2026082209,False,False,False,30.001288600000407,,,,1391,0,1605,45286,
prioritized,flow,0,easy,2026082210,True,True,True,4.3611630000013974,1.58,0.9650000000000001,3.8600000000000003,134,0,129,5031,
prioritized,flow,0,easy,2026082211,True,True,True,27.2785530000001,0.88,0.665,2.66,1359,0,1662,49308,
prioritized,flow,0,easy,2026082212,True,True,True,18.64130849999856,2.24,1.145,4.580000000000001,859,0,875,29385,
prioritized,flow,0,easy,2026082213,True,True,True,11.634076799997274,1.58,0.925,3.7,464,0,471,17923,
prioritized,flow,0,easy,2026082214,True,True,True,10.611068700000033,1.0,0.55,2.2,388,0,389,15435,
prioritized,flow,0,easy,2026082215,True,True,True,15.214080800000374,0.98,0.7799999999999999,3.1199999999999997,1024,0,1078,34812,
prioritized,flow,0,easy,2026082216,False,False,False,30.005305300001055,,,,1292,0,1594,43090,
prioritized,flow,0,easy,2026082217,True,True,True,4.4275352000004204,1.26,0.605,2.42,174,0,171,6651,
prioritized,flow,0,easy,2026082218,True,True,True,16.55538660000093,1.08,0.61,2.44,595,0,598,23391,
prioritized,flow,0,easy,2026082219,False,False,False,30.013998000002175,,,,1343,0,1629,43879,
prioritized,flow,1,medium,2026082200,False,False,False,30.000223999999434,,,,1242,0,1352,48303,
prioritized,flow,1,medium,2026082201,True,True,True,4.885224100002233,7.08,4.45,17.8,82,0,78,4740,
prioritized,flow,1,medium,2026082202,False,False,False,29.996254900001077,,,,1279,0,1313,45708,
prioritized,flow,1,medium,2026082203,True,True,True,12.32136299999911,16.28,7.9350000000000005,31.74,412,0,489,16665,
prioritized,flow,1,medium,2026082204,False,False,False,30.009456199997658,,,,1021,0,1193,39763,
prioritized,flow,1,medium,2026082205,False,False,False,30.029774599999655,,,,2227,0,3027,70739,
prioritized,flow,1,medium,2026082206,False,False,False,30.029926399998658,,,,1610,0,1765,52231,
prioritized,flow,1,medium,2026082207,False,False,False,29.99671500000113,,,,1232,0,1569,50185,
prioritized,flow,1,medium,2026082208,False,False,False,30.030827400001726,,,,1373,0,1486,51106,
prioritized,flow,1,medium,2026082209,False,False,False,29.99732740000036,,,,1148,0,1422,41552,
prioritized,flow,1,medium,2026082210,False,False,False,30.00157720000061,,,,1295,0,1536,47591,
prioritized,flow,1,medium,2026082211,False,False,False,29.996005500001047,,,,1387,0,1483,48043,
prioritized,flow,1,medium,2026082212,False,False,False,30.01410560000295,,,,596,0,869,38834,
prioritized,flow,1,medium,2026082213,False,False,False,30.00074450000102,,,,1002,0,1190,36746,
prioritized,flow,1,medium,2026082214,False,False,False,30.00201229999948,,,,1693,0,1965,56493,
prioritized,flow,1,medium,2026082215,False,False,False,29.992189799999323,,,,2221,0,3144,69970,
prioritized,flow,1,medium,2026082216,False,False,False,29.99822359999962,,,,1847,0,2204,61723,
prioritized,flow,1,medium,2026082217,False,False,False,30.001972999998543,,,,2426,0,2862,77147,
prioritized,flow,1,medium,2026082218,True,True,True,25.657885800002987,10.02,6.81,27.239999999999995,1861,0,1977,62532,
prioritized,flow,1,medium,2026082219,False,False,False,30.00435180000204,,,,2113,0,2465,71689,
prioritized,flow,2,hard,2026082200,False,False,False,30.004324699999415,,,,2593,0,3431,82927,
prioritized,flow,2,hard,2026082201,False,False,False,29.999477500001376,,,,2657,0,3229,77954,
prioritized,flow,2,hard,2026082202,False,False,False,30.00265969999964,,,,3323,0,4115,102666,
prioritized,flow,2,hard,2026082203,False,False,False,29.998641000001953,,,,2598,0,3250,85940,
prioritized,flow,2,hard,2026082204,False,False,False,29.995320199999696,,,,2591,0,3362,85009,
prioritized,flow,2,hard,2026082205,True,True,True,15.981879599999957,6.8,5.545,22.18,1050,0,1164,35070,
prioritized,flow,2,hard,2026082206,False,False,False,30.032613599996694,,,,3621,0,4135,103344,
prioritized,flow,2,hard,2026082207,False,False,False,30.040679300000193,,,,2538,0,3488,80633,
prioritized,flow,2,hard,2026082208,False,False,False,30.028863299998193,,,,1790,0,2088,65061,
prioritized,flow,2,hard,2026082209,False,False,False,30.000673200000165,,,,2755,0,4093,89576,
prioritized,flow,2,hard,2026082210,False,False,False,30.031749599998875,,,,2443,0,2912,77807,
prioritized,flow,2,hard,2026082211,True,True,True,24.98529309999867,7.5,6.085,24.34,1845,0,1935,62149,
prioritized,flow,2,hard,2026082212,False,False,False,30.006901699998707,,,,2325,0,2670,74515,
prioritized,flow,2,hard,2026082213,False,False,False,30.005156200000783,,,,3462,0,4287,100405,
prioritized,flow,2,hard,2026082214,True,True,True,12.656813400000829,8.96,6.625,26.5,678,0,694,26573,
prioritized,flow,2,hard,2026082215,False,False,False,29.993261299998267,,,,3316,0,3698,96259,
prioritized,flow,2,hard,2026082216,False,False,False,30.016286500002025,,,,2976,0,3993,97012,
prioritized,flow,2,hard,2026082217,False,False,False,29.998292299998866,,,,2499,0,2783,86518,
prioritized,flow,2,hard,2026082218,False,False,False,30.000298299997667,,,,3136,0,4456,98421,
prioritized,flow,2,hard,2026082219,False,False,False,29.995701499999996,,,,2470,0,3532,81424,
prioritized,vanilla,0,easy,2026082200,True,True,True,0.6299902999999176,0.28,0.22,0.88,8,0,0,393,
prioritized,vanilla,0,easy,2026082201,True,True,True,0.6208622999984073,0.26,0.225,0.9,11,0,3,1064,
prioritized,vanilla,0,easy,2026082202,True,True,True,0.1383943000000727,0.28,0.24,0.96,8,0,0,332,
prioritized,vanilla,0,easy,2026082203,True,True,True,0.34074300000065705,0.34,0.275,1.1,10,0,2,960,
prioritized,vanilla,0,easy,2026082204,True,True,True,0.3210368000000017,0.32,0.24,0.96,11,0,3,1018,
prioritized,vanilla,0,easy,2026082205,True,True,True,0.2910520999976143,0.28,0.23,0.92,8,0,0,742,
prioritized,vanilla,0,easy,2026082206,True,True,True,0.16219010000349954,0.3,0.255,1.02,10,0,2,531,
prioritized,vanilla,0,easy,2026082207,True,True,True,0.35787210000125924,0.24,0.22999999999999998,0.9199999999999999,11,0,3,1042,
prioritized,vanilla,0,easy,2026082208,True,True,True,0.24188069999945583,0.28,0.255,1.02,8,0,0,445,
prioritized,vanilla,0,easy,2026082209,True,True,True,0.30798979999963194,0.32,0.26,1.04,10,0,2,800,
prioritized,vanilla,0,easy,2026082210,True,True,True,0.48490139999921666,0.4,0.265,1.06,9,0,1,672,
prioritized,vanilla,0,easy,2026082211,True,True,True,0.324642200001108,0.34,0.25,1.0,10,0,2,811,
prioritized,vanilla,0,easy,2026082212,True,True,True,0.4574408000007679,0.24,0.21999999999999997,0.8799999999999999,11,0,3,1200,
prioritized,vanilla,0,easy,2026082213,True,True,True,0.538747800001147,0.38,0.25,1.0,13,0,5,1365,
prioritized,vanilla,0,easy,2026082214,True,True,True,0.19936779999989085,0.38,0.275,1.1,8,0,0,564,
prioritized,vanilla,0,easy,2026082215,True,True,True,0.33956169999873964,0.24,0.235,0.94,9,0,1,691,
prioritized,vanilla,0,easy,2026082216,True,True,True,0.1964583999979368,0.26,0.235,0.94,8,0,0,484,
prioritized,vanilla,0,easy,2026082217,True,True,True,0.3398436999996193,0.5,0.32,1.28,10,0,2,838,
prioritized,vanilla,0,easy,2026082218,True,True,True,0.32185609999942244,0.32,0.29000000000000004,1.1600000000000001,11,0,3,933,
prioritized,vanilla,0,easy,2026082219,True,True,True,0.5727619999997842,0.24,0.22,0.88,10,0,2,984,
prioritized,vanilla,1,medium,2026082200,False,False,False,30.012898199998745,,,,296,0,398,59894,
prioritized,vanilla,1,medium,2026082201,False,False,False,30.119854299999133,,,,228,0,239,41406,
prioritized,vanilla,1,medium,2026082202,False,False,False,30.055607400001463,,,,379,0,405,67727,
prioritized,vanilla,1,medium,2026082203,False,False,False,30.03949559999819,,,,311,0,359,58992,
prioritized,vanilla,1,medium,2026082204,False,False,False,29.999237500000163,,,,324,0,405,61701,
prioritized,vanilla,1,medium,2026082205,False,False,False,29.999971400000504,,,,255,0,333,49932,
prioritized,vanilla,1,medium,2026082206,False,False,False,30.038833999999042,,,,377,0,504,72814,
prioritized,vanilla,1,medium,2026082207,False,False,False,30.270296200000303,,,,359,0,481,72337,
prioritized,vanilla,1,medium,2026082208,False,False,False,30.06453920000058,,,,396,0,479,77314,
prioritized,vanilla,1,medium,2026082209,False,False,False,30.00943180000104,,,,374,0,486,75061,
prioritized,vanilla,1,medium,2026082210,False,False,False,30.01932250000027,,,,341,0,463,66872,
prioritized,vanilla,1,medium,2026082211,False,False,False,30.047969399998692,,,,396,0,481,77011,
prioritized,vanilla,1,medium,2026082212,False,False,False,30.029304100000445,,,,407,0,495,77790,
prioritized,vanilla,1,medium,2026082213,False,False,False,30.043081099996925,,,,404,0,488,74905,
prioritized,vanilla,1,medium,2026082214,False,False,False,29.996764700001222,,,,461,0,486,76846,
prioritized,vanilla,1,medium,2026082215,False,False,False,30.03890339999998,,,,372,0,476,71934,
prioritized,vanilla,1,medium,2026082216,False,False,False,30.009998300000007,,,,348,0,502,74825,
prioritized,vanilla,1,medium,2026082217,False,False,False,30.03734020000047,,,,354,0,491,73543,
prioritized,vanilla,1,medium,2026082218,False,False,False,30.040333299999475,,,,376,0,489,70530,
prioritized,vanilla,1,medium,2026082219,False,False,False,30.04264879999755,,,,419,0,498,80079,
prioritized,vanilla,2,hard,2026082200,False,False,False,30.024706799998967,,,,459,0,495,83591,
prioritized,vanilla,2,hard,2026082201,False,False,False,30.025793999997404,,,,423,0,494,81316,
prioritized,vanilla,2,hard,2026082202,False,False,False,30.012424499996996,,,,333,0,508,68175,
prioritized,vanilla,2,hard,2026082203,False,False,False,30.02257819999795,,,,407,0,501,73205,
prioritized,vanilla,2,hard,2026082204,False,False,False,30.01816350000081,,,,382,0,496,77917,
prioritized,vanilla,2,hard,2026082205,False,False,False,30.02232609999919,,,,354,0,495,74620,
prioritized,vanilla,2,hard,2026082206,False,False,False,30.037348199999542,,,,417,0,493,76535,
prioritized,vanilla,2,hard,2026082207,False,False,False,30.070408499999758,,,,412,0,493,78667,
prioritized,vanilla,2,hard,2026082208,False,False,False,30.019553100002668,,,,387,0,511,76681,
prioritized,vanilla,2,hard,2026082209,False,False,False,30.029426900000544,,,,356,0,498,73671,
prioritized,vanilla,2,hard,2026082210,False,False,False,30.026264100000844,,,,287,0,383,59546,
prioritized,vanilla,2,hard,2026082211,False,False,False,30.01582839999901,,,,294,0,395,63806,
prioritized,vanilla,2,hard,2026082212,False,False,False,30.023808300000383,,,,280,0,401,59867,
prioritized,vanilla,2,hard,2026082213,False,False,False,30.00245630000063,,,,300,0,394,60910,
prioritized,vanilla,2,hard,2026082214,False,False,False,30.004317200000514,,,,298,0,389,59482,
prioritized,vanilla,2,hard,2026082215,False,False,False,30.041385999997146,,,,363,0,398,61967,
prioritized,vanilla,2,hard,2026082216,False,False,False,30.013530600001104,,,,337,0,404,64613,
prioritized,vanilla,2,hard,2026082217,False,False,False,30.051365100000112,,,,292,0,400,61531,
prioritized,vanilla,2,hard,2026082218,False,False,False,30.03547830000025,,,,333,0,416,63826,
prioritized,vanilla,2,hard,2026082219,False,False,False,30.039891299999,,,,292,0,402,60444,
